{"AUT": {"Percentage": 27.32, "EXP": 167318.3, "IMP": 166206.5, "realEXP": 121606.94044, "realIMP": 120495.14044000002}, "BEL": {"Percentage": 35.55, "EXP": 310312.5, "IMP": 317347.2, "realEXP": 199996.40625000003, "realIMP": 207031.10625000004}, "CAN": {"Percentage": 23.26, "EXP": 479168.0, "IMP": 474937.9, "realEXP": 367713.5232, "realIMP": 363483.4232}, "CZE": {"Percentage": 46.61, "EXP": 146442.3, "IMP": 135846.1, "realEXP": 78185.54397, "realIMP": 67589.34397000002}, "DNK": {"Percentage": 30.7, "EXP": 119208.8, "IMP": 103322.9, "realEXP": 82611.6984, "realIMP": 66725.79839999999}, "FIN": {"Percentage": 35.03, "EXP": 75360.71, "IMP": 72985.74, "realEXP": 48961.853287, "realIMP": 46586.883287}, "FRA": {"Percentage": 26.27, "EXP": 580107.3, "IMP": 636717.6, "realEXP": 427713.1122900001, "realIMP": 484323.41229}, "DEU": {"Percentage": 25.35, "EXP": 1479837.0, "IMP": 1177082.0, "realEXP": 1104698.3205000001, "realIMP": 801943.3205000001}, "GRC": {"Percentage": 26.97, "EXP": 35538.24, "IMP": 65066.09, "realEXP": 25953.576672, "realIMP": 55481.426672}, "HUN": {"Percentage": 47.31, "EXP": 97955.26, "IMP": 95127.7, "realEXP": 51612.62649399999, "realIMP": 48785.06649399999}, "ISL": {"Percentage": 34.61, "EXP": 4870.38, "IMP": 4958.821, "realEXP": 3184.7414820000004, "realIMP": 3273.182482}, "IRL": {"Percentage": 48.31, "EXP": 151866.4, "IMP": 97824.7, "realEXP": 78499.74216, "realIMP": 24458.042159999997}, "ITA": {"Percentage": 25.36, "EXP": 516801.8, "IMP": 453902.3, "realEXP": 385740.86351999996, "realIMP": 322841.36351999996}, "JPN": {"Percentage": 18.19, "EXP": 699824.8, "IMP": 798696.1, "realEXP": 572526.6688800001, "realIMP": 671397.9688800001}, "KOR": {"Percentage": 37.84, "EXP": 613020.6, "IMP": 524135.2, "realEXP": 381053.60495999997, "realIMP": 292168.20496}, "LUX": {"Percentage": 60.22, "EXP": 27195.35, "IMP": 27278.93, "realEXP": 10818.31023, "realIMP": 10901.89023}, "MEX": {"Percentage": 33.5, "EXP": 397649.5, "IMP": 400439.6, "realEXP": 264436.91750000004, "realIMP": 267227.0175}, "NLD": {"Percentage": 32.45, "EXP": 570064.7, "IMP": 469337.0, "realEXP": 385078.70485, "realIMP": 284351.00485}, "NZL": {"Percentage": 15.84, "EXP": 41948.38, "IMP": 40984.78, "realEXP": 35303.756607999996, "realIMP": 34340.156608}, "NOR": {"Percentage": 18.74, "EXP": 143531.0, "IMP": 91073.03, "realEXP": 116633.29060000001, "realIMP": 64175.32060000001}, "POL": {"Percentage": 32.98, "EXP": 210474.0, "IMP": 214796.4, "realEXP": 141059.67480000004, "realIMP": 145382.07480000003}, "PRT": {"Percentage": 32.39, "EXP": 62752.16, "IMP": 75339.48, "realEXP": 42426.735376000004, "realIMP": 55014.055376}, "SVK": {"Percentage": 48.19, "EXP": 83032.24, "IMP": 79373.2, "realEXP": 43019.00354400001, "realIMP": 39359.963544}, "ESP": {"Percentage": 26.97, "EXP": 317515.7, "IMP": 346993.1, "realEXP": 231881.71571000002, "realIMP": 261359.11570999998}, "SWE": {"Percentage": 30.15, "EXP": 179357.5, "IMP": 161965.7, "realEXP": 125281.21374999998, "realIMP": 107889.41374999999}, "CHE": {"Percentage": 21.28, "EXP": 329635.1, "IMP": 274062.9, "realEXP": 259488.75071999998, "realIMP": 203916.55072000003}, "TUR": {"Percentage": 21.79, "EXP": 168925.8, "IMP": 232518.8, "realEXP": 132116.86818000002, "realIMP": 195709.86818000002}, "GBR": {"Percentage": 21.87, "EXP": 482603.5, "IMP": 683588.4, "realEXP": 377058.11455, "realIMP": 578043.01455}, "USA": {"Percentage": 15.28, "EXP": 1635563.0, "IMP": 2385480.0, "realEXP": 1385648.9736, "realIMP": 2135565.9736}, "ARG": {"Percentage": 12.45, "EXP": 68440.44, "IMP": 62898.96, "realEXP": 59919.60522, "realIMP": 54378.125219999994}, "BRA": {"Percentage": 12.42, "EXP": 224097.8, "IMP": 230727.0, "realEXP": 196264.85324, "realIMP": 202894.05324}, "CHL": {"Percentage": 18.94, "EXP": 75064.7, "IMP": 68598.85, "realEXP": 60847.44581999999, "realIMP": 54381.59582}, "CHN": {"Percentage": 29.35, "EXP": 2243761.0, "IMP": 1808720.0, "realEXP": 1585217.1465, "realIMP": 1150176.1465}, "EST": {"Percentage": 31.96, "EXP": 14628.99, "IMP": 15946.5, "realEXP": 9953.564795999999, "realIMP": 11271.074795999999}, "IND": {"Percentage": 20.98, "EXP": 328381.1, "IMP": 472394.8, "realEXP": 259486.74521999998, "realIMP": 403500.44522}, "IDN": {"Percentage": 12.0, "EXP": 175292.8, "IMP": 168310.2, "realEXP": 154257.664, "realIMP": 147275.064}, "ISR": {"Percentage": 22.35, "EXP": 64218.7, "IMP": 71032.8, "realEXP": 49865.820550000004, "realIMP": 56679.92055000001}, "LTU": {"Percentage": 25.64, "EXP": 31535.92, "IMP": 32779.84, "realEXP": 23450.110112, "realIMP": 24694.030111999997}, "RUS": {"Percentage": 13.65, "EXP": 496806.1, "IMP": 307875.4, "realEXP": 428992.06734999997, "realIMP": 240061.36735000001}, "SAU": {"Percentage": 3.55, "EXP": 342456.9, "IMP": 158462.0, "realEXP": 330299.68005, "realIMP": 146304.78005}, "SVN": {"Percentage": 33.95, "EXP": 30464.71, "IMP": 28897.36, "realEXP": 20121.940955, "realIMP": 18554.590955}, "ZAF": {"Percentage": 20.67, "EXP": 93504.12, "IMP": 98560.02, "realEXP": 74176.818396, "realIMP": 79232.71839600001}, "COL": {"Percentage": 8.89, "EXP": 56898.75, "IMP": 61539.34, "realEXP": 51840.451125, "realIMP": 56481.041124999996}, "CRI": {"Percentage": 26.49, "EXP": 9455.567, "IMP": 14784.33, "realEXP": 6950.7873017, "realIMP": 12279.550301700001}}