"LOCATION","Value"
"AUT",100.7969
"BEL",127.6674
"CZE",52.01303
"DNK",53.78791
"FIN",75.18225
"FRA",120.8252
"DEU",78.96413
"GRC",182.9426
"HUN",97.27596
"IRL",88.51808
"ITA",157.0335
"LUX",29.43433
"NLD",78.76749
"POL",69.84199
"PRT",149.1519
"SVK",59.67639
